id;site_name;institution;street_address;city;state;zip;country
1;mesh system Triple-buffered;Cotton;Advanced grow;Anabellemouth;hack;payment synthesize Idaho;Vanuatu
2;grow asymmetric;Cyprus web services auxiliary;Designer Incredible Fresh Car Tuvalu;VonRuedenton;Paraguay;Sleek Tuna magenta;France
3;Orchestrator Naira;Legacy Unbranded Plastic Chips;Unbranded Cotton Table Generic B2B;East Lurlineview;one-to-one Indiana;holistic;Equatorial Guinea
4;Ridges Beauty dynamic;multi-byte Pound Sterling;Frozen;Lake Tristinshire;hard drive Personal Loan Account;Unbranded SCSI;Marshall Islands
5;Chair;drive online;Liaison engage navigate;Port Ricardo;Tennessee Practical Steel Shirt Plastic;Ergonomic Fresh Chicken;Slovenia
6;Producer Agent;Rhode Island capacitor;navigating Ergonomic Falls;East Velmaburgh;white SMTP;Checking Account global Steel;Oman
7;Kyrgyz Republic transmit;solution connecting;California PNG engage;South Alessandrobury;bluetooth payment digital;Rubber Industrial seamless;Mongolia
8;mesh partnerships;array Luxembourg Spurs;empower Home Loan Account SMS;Schinnerland;Configuration Buckinghamshire;Practical Steel Chips;Nepal
9;frictionless orchid;Future-proofed Awesome;Creek;Camrynbury;Pakistan Rupee;Chicken;Guadeloupe
10;Human Mission;Officer Savings Account Automated;Pants even-keeled Chair;South Blazemouth;sticky Regional;Bedfordshire;Papua New Guinea
