id;file_name;location;status;electronic
1;streamline azure Inlet;Rustic;Money Market Account Fiji;true
2;Data;Moldova archive;monitor morph;true
3;bypassing Christmas Island;Dong;haptic;false
4;attitude-oriented multi-byte white;Group Avon neural;integrate New Caledonia;false
5;Kids invoice Cambridgeshire;Secured olive;Shirt next-generation;true
6;navigate Idaho Seamless;object-oriented;navigating New Leu primary;true
7;Table interfaces;Bike;SCSI Field Bermuda;false
8;model;Savings Account;deposit Integrated;true
9;Sleek Wooden Chips bi-directional;Russian Ruble deploy;Roads feed;false
10;innovative bypassing Credit Card Account;Virginia reciprocal;asymmetric;true
